<?xml version="1.0" encoding="UTF-8"?>
<project-private xmlns="http://www.netbeans.org/ns/project-private/1">
    <editor-bookmarks xmlns="http://www.netbeans.org/ns/editor-bookmarks/2" lastBookmarkId="0"/>
    <open-files xmlns="http://www.netbeans.org/ns/projectui-open-files/2">
        <group>
            <file>file:/D:/dev/workspace/cpersyncserver_3.4/src/com/iapppay/demo/ContractAuthentication.java</file>
            <file>file:/D:/dev/workspace/cpersyncserver_3.4/src/com/iapppay/demo/QueryTransdataByAppidAndCporderid.java</file>
            <file>file:/D:/dev/workspace/cpersyncserver_3.4/src/com/iapppay/demo/HttpUtils.java</file>
            <file>file:/D:/dev/workspace/cpersyncserver_3.4/src/com/iapppay/demo/QueryContract.java</file>
            <file>file:/D:/dev/workspace/cpersyncserver_3.4/src/com/iapppay/demo/Order.java</file>
            <file>file:/D:/dev/workspace/cpersyncserver_3.4/src/com/iapppay/demo/ContractCancel.java</file>
            <file>file:/D:/dev/workspace/cpersyncserver_3.4/src/com/iapppay/demo/CheckLogin.java</file>
            <file>file:/D:/dev/workspace/cpersyncserver_3.4/src/com/iapppay/demo/TradingResultsNotice.java</file>
            <file>file:/D:/dev/workspace/cpersyncserver_3.4/src/com/iapppay/demo/IAppPaySDKConfig.java</file>
            <file>file:/D:/dev/workspace/cpersyncserver_3.4/src/com/iapppay/demo/SignUtils.java</file>
        </group>
    </open-files>
</project-private>
